INSERT INTO Products (product_id, product_name, product_category, product_descriptions, product_key_bullets, product_price, product_size, product_color, product_img_thumbnail, product_img_full, product_type) VALUES
(
  '1',
  'Merci Bouquet V-Neck Tee (Hers)',
  'Tops & Tees',
  'Dogs Allowed Here! Women Tee',
  '{
    "Limited Edition AllThingsFrenchie Pocket Series",
    "Made in USA",
    "True to Size / Fitted",
    "Ultra Soft Material",
    "100% Cotton",
    "Due to the print pattern, not all pockets will look exactly like the one shown"
  }',
  '27.00',
  '1',
  '0',
  'https://firebasestorage.googleapis.com/v0/b/allthingsfrenchie-ce237.appspot.com/o/products%2Ffrenchie%2FMerci%20Bouquet%20V-Neck%20(hers)%2Fthumbnail%2Fmerci_thumb.jpg?alt=media&token=60332fde-6d64-45ef-bfa3-f087e2f6eae7',
  '{
    "https://firebasestorage.googleapis.com/v0/b/allthingsfrenchie-ce237.appspot.com/o/products%2Ffrenchie%2FMerci%20Bouquet%20V-Neck%20(hers)%2Ffull%2Fmerci_hers_1.jpg?alt=media&token=64ed9282-8e0e-4aa7-a096-b2a1beed10b0",
    "https://firebasestorage.googleapis.com/v0/b/allthingsfrenchie-ce237.appspot.com/o/products%2Ffrenchie%2FMerci%20Bouquet%20V-Neck%20(hers)%2Ffull%2Fmerci_hers_2.jpeg?alt=media&token=2517e847-7545-47af-9c0a-c12bd1dda148",
    "https://firebasestorage.googleapis.com/v0/b/allthingsfrenchie-ce237.appspot.com/o/products%2Ffrenchie%2FMerci%20Bouquet%20V-Neck%20(hers)%2Ffull%2Fmerci_hers_3.jpeg?alt=media&token=ce4b6627-a5f0-4912-9344-6255d6d29859"
  }',
  'frenchie'
),
(
  '2',
  'Get Ahead Necklace',
  'Jewelries',
  'Dogs Allowed Here! Women Tee',
  '{
    "Zinc alloy",
    "Chain length 18",
    "Lobster clasp"
  }',
  '14.95',
  '0',
  '2',
  'https://firebasestorage.googleapis.com/v0/b/allthingsfrenchie-ce237.appspot.com/o/products%2Ffrenchie%2FGet%20ahead%2Fthumbnail%2Fget_ahead_thumb.jpeg?alt=media&token=6e4cf84b-de37-48c6-9517-7e38ca4469b7',
  '{
    "https://firebasestorage.googleapis.com/v0/b/allthingsfrenchie-ce237.appspot.com/o/products%2Ffrenchie%2FGet%20ahead%2Ffull%2Fget_ahead_1.png?alt=media&token=4eeeb529-dbd3-4f76-8c55-414bd0327698",
    "https://firebasestorage.googleapis.com/v0/b/allthingsfrenchie-ce237.appspot.com/o/products%2Ffrenchie%2FGet%20ahead%2Ffull%2Fget_ahead_2.png?alt=media&token=85156a2a-2ffa-42b6-a73c-84247a6d76a9",
    "https://firebasestorage.googleapis.com/v0/b/allthingsfrenchie-ce237.appspot.com/o/products%2Ffrenchie%2FGet%20ahead%2Ffull%2Fget_ahead_3.png?alt=media&token=9061df88-f9ac-4765-a4e8-2af69bdac46c",
    "https://firebasestorage.googleapis.com/v0/b/allthingsfrenchie-ce237.appspot.com/o/products%2Ffrenchie%2FGet%20ahead%2Ffull%2Fget_ahead_4.png?alt=media&token=717d890e-5738-4a8d-b703-2d20ca521f70"
  }',
  'frenchie'
),
(
  '3',
  'Vivienne Wallet',
  'Bag & Wallet',
  '',
  '{
    "100% PU leather",
    "Snap button & zipper closure",
    "Holds cash, card & coins",
    "5 x 4 x 1.5",
    "Imported"
  }',
  '29.95',
  '0',
  '3',
  'https://firebasestorage.googleapis.com/v0/b/allthingsfrenchie-ce237.appspot.com/o/products%2Ffrenchie%2FPennie%20Wallet%2Fthumbnail%2Fpennie_wallet_thumb.png?alt=media&token=82f66777-42eb-4173-9437-c6e7e9fa2469',
  '{
    "https://firebasestorage.googleapis.com/v0/b/allthingsfrenchie-ce237.appspot.com/o/products%2Ffrenchie%2FPennie%20Wallet%2Ffull%2Fpennie_wallet_1.png?alt=media&token=73a23fc8-1c0b-4356-b423-efd19d11dd1b",
    "https://firebasestorage.googleapis.com/v0/b/allthingsfrenchie-ce237.appspot.com/o/products%2Ffrenchie%2FPennie%20Wallet%2Ffull%2Fpennie_wallet_2.png?alt=media&token=39b57379-e4df-4a77-908d-dabb0446e940"
  }',
  'frenchie'
),
(
  '4',
  'Polka Bulldog Sock',
  'Accessories',
  '',
  '{
    "100% Cotton",
    "Animal Print",
    "Imported"
  }',
  '9.95',
  '0',
  '4',
  'https://firebasestorage.googleapis.com/v0/b/allthingsfrenchie-ce237.appspot.com/o/products%2Ffrenchie%2FPoka%20sock%2Fthumbnail%2Fpoka_thumb.png?alt=media&token=2a68edfb-75dd-474b-a6fe-2bc25968b8be',
  '{
    "https://firebasestorage.googleapis.com/v0/b/allthingsfrenchie-ce237.appspot.com/o/products%2Ffrenchie%2FPoka%20sock%2Ffull%2Fpoka_1.png?alt=media&token=c6ef74c4-205d-42fb-9377-111a20875e2e",
    "https://firebasestorage.googleapis.com/v0/b/allthingsfrenchie-ce237.appspot.com/o/products%2Ffrenchie%2FPoka%20sock%2Ffull%2Fpoka_2.png?alt=media&token=432573b1-cf2c-4955-bfef-b89ea3c352bc"
  }',
  'frenchie'
),
(
  '5',
  'A Walk In The Dog Park',
  'Accessories',
  '',
  '{
    "100% Cotton",
    "Animal Print",
    "Imported"
  }',
  '9.95',
  '0',
  '5',
  'https://firebasestorage.googleapis.com/v0/b/allthingsfrenchie-ce237.appspot.com/o/products%2Ffriends%2FWalk%20In%20The%20Dog%20Park%2Fthumbnail%2Fwalk_thumbnail?alt=media&token=79c5c57b-e218-4322-be77-3798f6f55c26',
  '{
    "https://firebasestorage.googleapis.com/v0/b/allthingsfrenchie-ce237.appspot.com/o/products%2Ffriends%2FWalk%20In%20The%20Dog%20Park%2Ffull%2Fwalk_1.png?alt=media&token=e94a5d26-281a-45dc-aa67-4966b82d034f",
    "https://firebasestorage.googleapis.com/v0/b/allthingsfrenchie-ce237.appspot.com/o/products%2Ffriends%2FWalk%20In%20The%20Dog%20Park%2Ffull%2Fwalk_2.png?alt=media&token=6c6adae8-fa88-4e0d-ad25-ae8530356680",
    "https://firebasestorage.googleapis.com/v0/b/allthingsfrenchie-ce237.appspot.com/o/products%2Ffriends%2FWalk%20In%20The%20Dog%20Park%2Ffull%2Fwalk_3.png?alt=media&token=bb116cd2-b6cb-4bf2-9d4a-f33bda5e06bb"
  }',
  'friends'
),
(
  '6',
  'Cant Touch This Hedgehog T-Shirt',
  'Tops & Tees',
  '',
  '{
    "100% Cotton",
    "Fitted",
    "Soft to touch"
  }',
  '9.95',
  '1',
  '0',
  'https://firebasestorage.googleapis.com/v0/b/allthingsfrenchie-ce237.appspot.com/o/products%2Ffriends%2Fcant%20touch%20this%20t-shirt%2Fthumbnail%2Fcant_touch_this_thumbnail.jpg?alt=media&token=472bf400-ca23-4c1f-b842-afee659b4eed',
  '{
    "https://firebasestorage.googleapis.com/v0/b/allthingsfrenchie-ce237.appspot.com/o/products%2Ffriends%2Fcant%20touch%20this%20t-shirt%2Ffull%2Fcant_touch_this_1.png?alt=media&token=3084265e-fbfd-4cb1-b2e3-c7b61e1a742d",
    "https://firebasestorage.googleapis.com/v0/b/allthingsfrenchie-ce237.appspot.com/o/products%2Ffriends%2Fcant%20touch%20this%20t-shirt%2Ffull%2Fcant_touch_this_2.JPG?alt=media&token=3bd9c647-4a70-48a1-b6f5-fd7dc072ff61",
    "https://firebasestorage.googleapis.com/v0/b/allthingsfrenchie-ce237.appspot.com/o/products%2Ffriends%2Fcant%20touch%20this%20t-shirt%2Ffull%2Fcant_touch_this_3.jpg?alt=media&token=c4903d3a-09c8-4aa8-a8a4-1690c327fed2"
  }',
  'friends'
),
(
  '7',
  'Mana Crossbody Bag',
  'Bag & Wallet',
  '',
  '{
    "Fits iPhone & Wallet",
    "100% PU Leather",
    "Zipper closure",
    "Measures 10.5 x 5.5 x 2.5",
    "Chain link strap",
    "Imported"
  }',
  '39.95',
  '0',
  '7',
  'https://firebasestorage.googleapis.com/v0/b/allthingsfrenchie-ce237.appspot.com/o/products%2Ffriends%2FMana%20Crossbody%20Bag%2Fthumbnail%2Fmana_thumbnail.jpg?alt=media&token=0889d473-6885-47f7-8e01-7424981e0924',
  '{
    "https://firebasestorage.googleapis.com/v0/b/allthingsfrenchie-ce237.appspot.com/o/products%2Ffriends%2FMana%20Crossbody%20Bag%2Ffull%2Fmana_1.png?alt=media&token=6c681bee-d5aa-44c5-a1f8-5779dee01e46",
    "https://firebasestorage.googleapis.com/v0/b/allthingsfrenchie-ce237.appspot.com/o/products%2Ffriends%2FMana%20Crossbody%20Bag%2Ffull%2Fmana_2.jpg?alt=media&token=8d8cdbc6-d5ed-4c04-b759-3c14848f33a0",
    "https://firebasestorage.googleapis.com/v0/b/allthingsfrenchie-ce237.appspot.com/o/products%2Ffriends%2FMana%20Crossbody%20Bag%2Ffull%2Fmana_3.jpg?alt=media&token=b4f5f9f0-8491-4e52-80b1-789c66f78c21"
  }',
  'friends'
),
(
  '8',
  'Quilling Me Softly Infinity Scarf',
  'Accessories',
  '',
  '{
    "Polyester",
    "Imported"
  }',
  '19.95',
  '0',
  '8',
  'https://firebasestorage.googleapis.com/v0/b/allthingsfrenchie-ce237.appspot.com/o/products%2Ffriends%2FQuilling%20Me%20Softly%20Infinity%20Scarf%2Fthumbnail%2Fquilling_me_thumbnail.jpg?alt=media&token=5fd01e2e-9d88-45d3-a22d-ca8e464df4af',
  '{
    "https://firebasestorage.googleapis.com/v0/b/allthingsfrenchie-ce237.appspot.com/o/products%2Ffriends%2FQuilling%20Me%20Softly%20Infinity%20Scarf%2Ffull%2Fquilling_me_1.png?alt=media&token=8c5b3324-5486-4ae5-b181-0174ff13b3e9",
    "https://firebasestorage.googleapis.com/v0/b/allthingsfrenchie-ce237.appspot.com/o/products%2Ffriends%2FQuilling%20Me%20Softly%20Infinity%20Scarf%2Ffull%2Fquilling_me_2.png?alt=media&token=6424500d-277a-4c87-b2d4-b376887f1df8",
    "https://firebasestorage.googleapis.com/v0/b/allthingsfrenchie-ce237.appspot.com/o/products%2Ffriends%2FQuilling%20Me%20Softly%20Infinity%20Scarf%2Ffull%2Fquilling_me_3.jpg?alt=media&token=f755e5fd-5562-46b2-9560-a68801cf0fa1",
    "https://firebasestorage.googleapis.com/v0/b/allthingsfrenchie-ce237.appspot.com/o/products%2Ffriends%2FQuilling%20Me%20Softly%20Infinity%20Scarf%2Ffull%2Fquilling_me_4.jpg?alt=media&token=db35cf2a-6329-4263-a5ff-fae06a44a979"
  }',
  'friends'
),
(
  '9',
  'Wraparound Rhino Ring',
  'Jewelries',
  '',
  '{
    "Zinc Alloy",
    "color anitique silver",
    "Imported"
  }',
  '19.95',
  '0',
  '9',
  'https://firebasestorage.googleapis.com/v0/b/allthingsfrenchie-ce237.appspot.com/o/products%2Ffriends%2FRhino%20Ring%2Fthumbnail%2Frhino_thumbnail.jpg?alt=media&token=494e2694-a3e6-4a61-9e9a-0d103f633dbe',
  '{
    "https://firebasestorage.googleapis.com/v0/b/allthingsfrenchie-ce237.appspot.com/o/products%2Ffriends%2FRhino%20Ring%2Ffull%2Frhino_1.jpg?alt=media&token=37486c55-5f7a-42cc-bb39-6a46d07ff0dd",
    "https://firebasestorage.googleapis.com/v0/b/allthingsfrenchie-ce237.appspot.com/o/products%2Ffriends%2FRhino%20Ring%2Ffull%2Frhino_2.jpg?alt=media&token=561a65d3-4cf7-4a60-8d0a-9fcf27e1f810",
    "https://firebasestorage.googleapis.com/v0/b/allthingsfrenchie-ce237.appspot.com/o/products%2Ffriends%2FRhino%20Ring%2Ffull%2Frhino_3.jpg?alt=media&token=adfc9f8d-7b35-478c-ad24-f1d77bbe5af2"
  }',
  'friends'
);

INSERT INTO Size (size_id, product_id, xxsmall, xsmall, small, medium, large, xlarge, xxlarge) VALUES
('1', '1', '0', '0', '5', '10', '5', '0', '0'),
('2', '6', '0', '0', '5', '10', '5', '0', '0');


INSERT INTO Color (color_id, product_id, color_name, color_quantity) VALUES
('1', '2', 'Matte Black', '5'),
('2', '2', 'Antique Silver', '5'),
('3', '2', 'Anitique Bronze', '5'),
('4', '3', 'Forest Green', '5'),
('5', '3', 'Lavender', '5'),
('6', '4', 'White', '5'),
('7', '4', 'Yellow', '5'),
('8', '5', 'Orange', '10'),
('9', '5', 'Blue', '10'),
('10', '7', 'Black', '10'),
('11', '8', 'Rasberry', '10'),
('12', '8', 'Grey', '10'),
('13', '9', 'Anitique Silver', '10');
